{
  "meta": {
    "trials_per_map": 10,
    "warmup": 10000,
    "length_range": [
      200,
      1400
    ],
    "BASE_params": {
      "look_back": 1,
      "neighbors": 1,
      "test_size": 0.4,
      "horizon_min": 1,
      "horizon_max": 7,
      "horizon_step": 1
    },
    "ML_params_fixed": {
      "look_back": 1,
      "neighbors": 3,
      "test_size": 0.4,
      "horizon_min": 1,
      "horizon_max": 10,
      "horizon_step": 1
    },
    "nolds_params": {
      "emb_dim": 2,
      "trajectory_len": 7,
      "lag": 1,
      "min_tsep": 10,
      "auto_lag": false,
      "lag_max": 1000,
      "fallback_to_zero": true,
      "silence_warnings": true
    },
    "rng_seed": 12345,
    "timestamp": "20251021-155050",
    "note": "JSON is compact (no KNN points). ML values may be None if models are missing."
  },
  "maps": [
    {
      "name": "logistic",
      "expr": "r*x*(1-x)",
      "r_min": 3.5,
      "r_max": 3.98,
      "clip_domain": null,
      "trials": [
        {
          "trial_id": 1,
          "r": 3.6091212907842416,
          "x0": 0.3167587061930734,
          "length": 445,
          "lambda_true": 0.21478693168322238,
          "methods": {
            "LLE_BASE": 0.23102818220846819,
            "LLE_ML1": 0.2308454120034444,
            "LLE_ML2": 0.2425300660753698,
            "LLE_ML3": 0.23816144567490644,
            "LLE_NOLD": 0.21488276798644423
          }
        },
        {
          "trial_id": 2,
          "r": 3.8246022419604677,
          "x0": 0.39110976838280775,
          "length": 1157,
          "lambda_true": 0.40424040852073184,
          "methods": {
            "LLE_BASE": 0.4163299572747646,
            "LLE_ML1": 0.4158282080086186,
            "LLE_ML2": 0.4158282080086186,
            "LLE_ML3": 0.4280666998850862,
            "LLE_NOLD": 0.4047337705895535
          }
        },
        {
          "trial_id": 3,
          "r": 3.6597506853758643,
          "x0": 0.5983085569696827,
          "length": 455,
          "lambda_true": 0.29298936086951877,
          "methods": {
            "LLE_BASE": 0.2861708300118141,
            "LLE_ML1": 0.2729649337872782,
            "LLE_ML2": 0.2729649337872782,
            "LLE_ML3": 0.2738875328814675,
            "LLE_NOLD": 0.28496845309905555
          }
        },
        {
          "trial_id": 4,
          "r": 3.822922901127018,
          "x0": 0.9418019816642066,
          "length": 424,
          "lambda_true": 0.4342125742293784,
          "methods": {
            "LLE_BASE": 0.47399153422766593,
            "LLE_ML1": 0.45174701744377166,
            "LLE_ML2": 0.4492493503778422,
            "LLE_ML3": 0.4397857076627416,
            "LLE_NOLD": 0.4457672988746671
          }
        },
        {
          "trial_id": 5,
          "r": 3.619157943022194,
          "x0": 0.9488802540710145,
          "length": 1079,
          "lambda_true": 0.21779106325511846,
          "methods": {
            "LLE_BASE": 0.21593216822989222,
            "LLE_ML1": 0.20902294659281687,
            "LLE_ML2": 0.21899946116087055,
            "LLE_ML3": 0.2125375165864164,
            "LLE_NOLD": 0.21502727527441765
          }
        },
        {
          "trial_id": 6,
          "r": 3.5460310090851737,
          "x0": 0.4418397824884804,
          "length": 1001,
          "lambda_true": -0.02347347322498001,
          "methods": {
            "LLE_BASE": -1.6950406593127397e-16,
            "LLE_ML1": 0.0,
            "LLE_ML2": 0.0,
            "LLE_ML3": 1.2147788723914635e-14,
            "LLE_NOLD": 0.0
          }
        },
        {
          "trial_id": 7,
          "r": 3.9255103612772086,
          "x0": 0.6974531049750223,
          "length": 455,
          "lambda_true": 0.4993865757067342,
          "methods": {
            "LLE_BASE": 0.5273162414087029,
            "LLE_ML1": 0.4971104732610472,
            "LLE_ML2": 0.5239662906527467,
            "LLE_ML3": 0.49389123127029727,
            "LLE_NOLD": 0.5016325459642075
          }
        },
        {
          "trial_id": 8,
          "r": 3.852285518398432,
          "x0": 0.22013551527557512,
          "length": 592,
          "lambda_true": 0.11636893624037584,
          "methods": {
            "LLE_BASE": 0.11284939019546605,
            "LLE_ML1": 0.11498123454462017,
            "LLE_ML2": 0.11498123454462017,
            "LLE_ML3": 0.11460901708727947,
            "LLE_NOLD": 0.11590651505643237
          }
        },
        {
          "trial_id": 9,
          "r": 3.53916539338026,
          "x0": 0.15989628128384537,
          "length": 1093,
          "lambda_true": -0.03130734120037751,
          "methods": {
            "LLE_BASE": -1.6950406593127397e-16,
            "LLE_ML1": 0.0,
            "LLE_ML2": 0.0,
            "LLE_ML3": 1.2095372107635619e-14,
            "LLE_NOLD": 0.0
          }
        },
        {
          "trial_id": 10,
          "r": 3.7232927137769845,
          "x0": 0.26642149544871435,
          "length": 608,
          "lambda_true": 0.3910692639089479,
          "methods": {
            "LLE_BASE": 0.3816233422712302,
            "LLE_ML1": 0.38594309311723723,
            "LLE_ML2": 0.38594309311723723,
            "LLE_ML3": 0.3768673583712388,
            "LLE_NOLD": 0.3924396048029488
          }
        }
      ]
    },
    {
      "name": "sine",
      "expr": "r*sin(pi*x)",
      "r_min": 0.85,
      "r_max": 1.0,
      "clip_domain": null,
      "trials": [
        {
          "trial_id": 1,
          "r": 0.972366460513721,
          "x0": 0.1932950027007159,
          "length": 229,
          "lambda_true": 0.5549962338563319,
          "methods": {
            "LLE_BASE": 0.5591592997646914,
            "LLE_ML1": 0.6201914720943398,
            "LLE_ML2": 0.6063843612453265,
            "LLE_ML3": 0.5714140847432212,
            "LLE_NOLD": 0.5513929686945162
          }
        },
        {
          "trial_id": 2,
          "r": 0.8637497127317404,
          "x0": 0.5985678165288859,
          "length": 355,
          "lambda_true": -0.015281057161814602,
          "methods": {
            "LLE_BASE": -1.6950406593127397e-16,
            "LLE_ML1": 0.0,
            "LLE_ML2": 0.0,
            "LLE_ML3": 2.316969867555451e-14,
            "LLE_NOLD": 0.0
          }
        },
        {
          "trial_id": 3,
          "r": 0.9782112856561002,
          "x0": 0.6016210384512297,
          "length": 598,
          "lambda_true": 0.5577448876592641,
          "methods": {
            "LLE_BASE": 0.5661389911153868,
            "LLE_ML1": 0.5588108345404744,
            "LLE_ML2": 0.5707431754528132,
            "LLE_ML3": 0.5743501689692551,
            "LLE_NOLD": 0.5627220609697268
          }
        },
        {
          "trial_id": 4,
          "r": 0.958717204163803,
          "x0": 0.8605505962906576,
          "length": 1319,
          "lambda_true": 0.48440672175933513,
          "methods": {
            "LLE_BASE": 0.5057507972355924,
            "LLE_ML1": 0.4944839299456499,
            "LLE_ML2": 0.4944839299456499,
            "LLE_ML3": 0.4870226082004818,
            "LLE_NOLD": 0.4866765578077938
          }
        },
        {
          "trial_id": 5,
          "r": 0.9894006702362974,
          "x0": 0.5461859167103349,
          "length": 501,
          "lambda_true": 0.579280286439784,
          "methods": {
            "LLE_BASE": 0.5148344848100909,
            "LLE_ML1": 0.5754560098292176,
            "LLE_ML2": 0.5947796257246584,
            "LLE_ML3": 0.5693705996160392,
            "LLE_NOLD": 0.572198189139958
          }
        },
        {
          "trial_id": 6,
          "r": 0.9242481910118236,
          "x0": 0.2737736349436225,
          "length": 1326,
          "lambda_true": 0.419287333146063,
          "methods": {
            "LLE_BASE": 0.424240629318447,
            "LLE_ML1": 0.4188983219469464,
            "LLE_ML2": 0.4239894782854475,